type,name,mean,p05,p50,p95
media,clm_call,3551.383614020738,1106.2059720027275,3207.511164901499,7292.729063121368
media,email_1to1,24.009418405289363,13.849116726755222,22.723777664086626,38.04486856265733
media,mass_email,263.28225675514835,101.89920888995887,234.07676666208724,529.8558984674039
media,non_clm_call,2846.580218693436,731.8316692369655,2446.847091830785,6272.97440321791
media,phone_call,121.35763728663966,60.50033840709541,113.11686699822519,210.12288883968014
media,webinar,261.1697931904693,112.02166827294054,233.3179148371348,497.8794587990925
control,comp1,1075.5433130607973,831.0973122404231,1075.679135201445,1314.2422784046073
control,ex_1,1478.461213843141,-3463.018040015844,1427.2114196828895,6552.55339710303
control,ex_2,2826.0636539836405,-2164.996175506678,2780.834443541764,7818.445865024855
