media,spend,roi,contribution
clm_call,1516306.0,-0.16928362267416508,-12462.61071702868
clm_call,1866222.7692307692,-0.11056087755761633,-10017.796211460505
clm_call,2216139.5384615385,-0.07628915594288085,-8208.563152602821
clm_call,2566056.307692308,-0.05467572177334603,-6811.894898920077
clm_call,2915973.076923077,-0.04025658968547934,-5699.381425452585
clm_call,3265889.846153846,-0.030217274414725333,-4791.417920329062
clm_call,3615806.6153846155,-0.02298911521575894,-4035.8469064874002
clm_call,3965723.384615385,-0.017642655394444023,-3396.984781906483
clm_call,4315640.153846154,-0.013599544539194453,-2849.553535889834
clm_call,4665556.923076923,-0.010485175336554681,-2375.124729547708
clm_call,5015473.692307692,-0.008048640869645376,-1959.9353140766295
clm_call,5365390.461538462,-0.006117042616954752,-1593.4926726175772
clm_call,5715307.230769231,-0.004568292134494311,-1267.6538549331713
clm_call,6065224.0,-0.003314331288980356,-976.0003948245746
clm_call,6415140.76923077,-0.0022904545817457023,-713.4032883132257
clm_call,6765057.538461539,-0.00144832806716463,-475.7137160501757
clm_call,7114974.307692308,-0.0007513148362477041,-259.538943766238
clm_call,7464891.076923077,-0.0001712778428844165,-62.0771673835698
clm_call,7814807.846153846,0.00031364875153372265,119.00606597077572
clm_call,8164724.615384616,0.0007206398965321277,285.6716051684553
clm_call,8514641.384615384,0.0010633177177079203,439.5787031952104
clm_call,8864558.153846154,0.0013525827109547518,582.1409590796166
clm_call,9214474.923076924,0.001597228667282284,714.5702327006729
clm_call,9564391.692307692,0.0018044029959960561,837.9114495094638
clm_call,9914308.461538462,0.00197995507598565,953.070429536904
clm_call,10264225.230769232,0.002128702527392799,1060.836321303699
clm_call,10614142.0,0.0022546366419080375,1161.8998242595922
clm_call,10964058.76923077,0.0023610822461451486,1256.8680952474622
clm_call,11313975.53846154,0.00245082310840509,1346.2770230601716
clm_call,11663892.307692308,0.0025262010557083195,1430.6013983152664
clm_call,12013809.076923078,0.0025891948636375837,1510.2633884118154
clm_call,12363725.846153846,0.0026414834609489925,1585.6396385317616
clm_call,12713642.615384616,0.002684496881175357,1657.0672519520117
clm_call,13063559.384615386,0.0027194575759558874,1724.848850915541
clm_call,13413476.153846154,0.0027474140972194765,1789.2568789822158
clm_call,13763392.923076924,0.002769268700124772,1850.5372743762405
clm_call,14113309.692307692,0.0027858000747846964,1908.912619137723
clm_call,14463226.461538462,0.0027976821532329234,1964.5848493934443
clm_call,14813143.230769232,0.0028054997376191,2017.7375965179315
clm_call,15163060.0,0.0028097615411095084,2068.5382165956103
email_1to1,2293.8,-0.39492617560592286,-43.982377296650235
email_1to1,2823.138461538462,-0.24651425671876565,-33.78947558058012
email_1to1,3352.4769230769234,-0.1644966148077564,-26.775031705869722
email_1to1,3881.8153846153846,-0.11488761218643084,-21.652862191255114
email_1to1,4411.153846153846,-0.08286979978821842,-17.74825770715025
email_1to1,4940.492307692308,-0.06117125964972702,-14.673201543936369
email_1to1,5469.830769230769,-0.04589621689194177,-12.188717484607112
email_1to1,5999.16923076923,-0.034811409252249896,-10.139579620389572
email_1to1,6528.507692307692,-0.026565673013792576,-8.420579388215891
email_1to1,7057.846153846153,-0.0203047482330155,-6.957881500648504
email_1to1,7587.184615384615,-0.015468396532082894,-5.698140848788378
email_1to1,8116.523076923077,-0.011677657814531027,-4.601855787528228
email_1to1,8645.861538461537,-0.008669310976396154,-3.639151112483447
email_1to1,9175.2,-0.0062562829736584145,-2.7870140316627503
email_1to1,9704.538461538461,-0.004302926400593109,-2.0274307777374148
email_1to1,10233.876923076923,-0.0027091285816818566,-1.3460991176202421
email_1to1,10763.215384615385,-0.0013998339114764287,-0.7315192735421737
email_1to1,11292.553846153845,-0.0003179776330349565,-0.1743395714242094
email_1to1,11821.892307692306,0.000580376825466476,0.33312275012630166
email_1to1,12351.23076923077,0.0013294453578221192,0.7972379426486897
email_1to1,12880.56923076923,0.0019561503889029266,1.2233325410488123
email_1to1,13409.90769230769,0.0024818757801845738,1.6158947169091544
email_1to1,13939.246153846154,0.002923752937198189,1.978732970507071
email_1to1,14468.584615384614,0.003295615170259083,2.315100098983562
email_1to1,14997.923076923074,0.003608713999259723,2.6277909820834773
email_1to1,15527.261538461538,0.003872262485667913,2.9192204233234174
email_1to1,16056.599999999999,0.004093851392300262,3.1914856334591266
email_1to1,16585.938461538462,0.004279770833915326,3.4464167804896437
email_1to1,17115.276923076923,0.004435260981885084,3.685618184324028
email_1to1,17644.615384615383,0.004564708998403583,3.9105021066163945
email_1to1,18173.953846153847,0.004671804892350811,4.1223166615914435
email_1to1,18703.292307692307,0.004759665694179781,4.322168991322768
email_1to1,19232.630769230767,0.004830935025856858,4.511044613433043
email_1to1,19761.969230769228,0.004887863457821158,4.689823688210596
email_1to1,20291.30769230769,0.00493237368612186,4.859294722069786
email_1to1,20820.64615384615,0.0049661137178975065,5.020166199322527
email_1to1,21349.984615384612,0.004990500474429263,5.173076482297168
email_1to1,21879.323076923076,0.005006755712130901,5.318602274623415
email_1to1,22408.661538461536,0.005015935757163828,5.457265892943442
email_1to1,22938.0,0.005018956216071261,5.589541528643044
mass_email,47813.100000000006,-0.010097641499445534,-23.440889190059053
mass_email,58846.89230769232,-0.006282480415424429,-17.94989481329854
mass_email,69880.68461538463,-0.0041828735660757056,-14.191853532651622
mass_email,80914.47692307693,-0.0029166404823130054,-11.458199040085312
mass_email,91948.26923076925,-0.0021011976763238493,-9.380321042107576
mass_email,102982.06153846155,-0.0015495083427226235,-7.747520464663086
mass_email,114015.85384615386,-0.0011616652041085884,-6.4306290284595296
mass_email,125049.64615384617,-0.0008805286103465217,-5.346051900321834
mass_email,136083.43846153846,-0.0006715928434984991,-4.437297688752748
mass_email,147117.23076923078,-0.0005130758669054566,-3.664817569340479
mass_email,158151.0230769231,-0.00039071133366504993,-3.000096655201806
mass_email,169184.8153846154,-0.0002948599065058714,-2.4220568748058233
mass_email,180218.6076923077,-0.00021883270614215698,-1.9147809271172347
mass_email,191252.40000000002,-0.00015787993246097935,-1.4660239234496328
mass_email,202286.19230769234,-0.00010856006806581109,-1.0662120299419957
mass_email,213319.98461538463,-6.8334845758751e-05,-0.7077518185091856
mass_email,224353.77692307695,-3.5302438625092636e-05,-0.38454336605915956
mass_email,235387.56923076927,-8.017671534914354e-06,-0.09163028051527926
mass_email,246421.36153846156,1.4631608735605024e-05,0.17505626724952256
mass_email,257455.15384615387,3.351110874890723e-05,0.4188877104874189
mass_email,268488.9461538462,4.930171881420053e-05,0.6426813575888075
mass_email,279522.73846153845,6.254404784660964e-05,0.8488097499068217
mass_email,290556.5307692308,7.367104399652579e-05,1.0392850916699476
mass_email,301590.32307692314,8.303218994059635e-05,1.215825160942346
mass_email,312624.1153846154,9.091165453368667e-05,1.379905257393986
mass_email,323657.9076923077,9.754205591909712e-05,1.532799531896642
mass_email,334691.70000000007,0.00010311499876544725,1.6756141342692266
mass_email,345725.4923076923,0.00010778921608264789,1.8093140218794714
mass_email,356759.28461538465,0.00011169691282082515,1.9347447906938746
mass_email,367793.076923077,0.00011494874752333621,2.052650576015175
mass_email,378826.8692307692,0.00011763777337403697,2.1636888259716605
mass_email,389860.6615384616,0.00011984257782014601,2.268442572846205
mass_email,400894.4538461539,0.0001216297989064807,2.3674306641878786
mass_email,411928.24615384615,0.00012305615573460942,2.4611163646435394
mass_email,422962.0384615385,0.00012417009508906184,2.5499146019853645
mass_email,433995.83076923084,0.00012501313469437023,2.634198113446719
mass_email,445029.6230769231,0.00012562096412467008,2.714302673236701
mass_email,456063.4153846154,0.00012602435174376007,2.790531563654926
mass_email,467097.20769230777,0.00012624989526830612,2.8631594149688295
mass_email,478131.0,0.0001263206451730769,2.932435505935618
non_clm_call,1018424.0,-0.29944765718568744,-14806.648840015661
non_clm_call,1253444.923076923,-0.20042912349349312,-12197.569872566646
non_clm_call,1488465.846153846,-0.14100636279978157,-10190.2494639428
non_clm_call,1723486.7692307692,-0.10265738649436953,-8590.241809437444
non_clm_call,1958507.6923076923,-0.07657247077185847,-7281.2371141725125
non_clm_call,2193528.615384615,-0.05810778258147002,-6188.492072364417
non_clm_call,2428549.5384615385,-0.044621783397551254,-5261.39759895062
non_clm_call,2663570.4615384615,-0.03452077817347214,-4464.285890867214
non_clm_call,2898591.3846153845,-0.02679699251757452,-3771.206239795696
non_clm_call,3133612.3076923075,-0.020788180333144533,-3162.7799108905065
non_clm_call,3368633.2307692305,-0.016044968798508183,-2624.2175595243025
non_clm_call,3603654.1538461535,-0.012254026337299542,-2144.0215479149792
non_clm_call,3838675.076923077,-0.009191714376481301,-1713.1094285596732
non_clm_call,4073696.0,-0.006695139965455476,-1324.2058707012156
non_clm_call,4308716.923076923,-0.004643525304748892,-971.4109860526778
non_clm_call,4543737.846153846,-0.002945898589811256,-649.8876601312983
non_clm_call,4778758.769230769,-0.0015327711337536308,-355.63103407861837
non_clm_call,5013779.692307692,-0.00035039302222538343,-85.29585515236042
non_clm_call,5248800.615384615,0.0006432851104689606,163.93466846060875
non_clm_call,5483821.538461538,0.0014814982846339346,394.44976139057763
non_clm_call,5718842.461538461,0.0021907611371654173,608.2896023481541
non_clm_call,5953863.384615384,0.002792407948265805,807.2070801040242
non_clm_call,6188884.307692307,0.0033037394592877987,992.7168340263033
non_clm_call,6423905.23076923,0.0037388866871408796,1166.1345439109214
non_clm_call,6658926.153846154,0.004109468450121058,1328.6086663985907
non_clm_call,6893947.076923077,0.004425096754170867,1481.1462651280035
non_clm_call,7128968.0,0.004693768753538901,1624.634182352415
non_clm_call,7363988.923076923,0.004922173295053474,1759.8565064463546
non_clm_call,7599009.846153846,0.005115932534975547,1887.5090720007342
non_clm_call,7834030.769230769,0.005279793770683846,2008.2115658939113
non_clm_call,8069051.692307692,0.005417782786023059,2122.5176892681434
non_clm_call,8304072.615384615,0.005533327216752814,2230.923730929451
non_clm_call,8539093.538461538,0.005629356394648075,2333.875835172914
non_clm_call,8774114.46153846,0.005708382612574776,2431.7761906961464
non_clm_call,9009135.384615384,0.00577256762093645,2524.988323309636
non_clm_call,9244156.307692308,0.005823777313787192,2613.841640546386
non_clm_call,9479177.23076923,0.005863626916678085,2698.6353489083117
non_clm_call,9714198.153846154,0.005893518494579243,2779.6418426836676
non_clm_call,9949219.076923076,0.0059146722184132495,2857.1096457915355
non_clm_call,10184240.0,0.005928152534748955,2931.2659740612303
phone_call,18828.0,-2.8588726038122982,-2613.4020309548587
phone_call,23172.923076923078,-1.916617873659778,-2156.3715116369262
phone_call,27517.846153846156,-1.3483099765910882,-1801.405224808615
phone_call,31862.76923076923,-0.9808360242612558,-1517.3548535080427
phone_call,36207.69230769231,-0.7307946961197748,-1284.705148148783
phone_call,40552.61538461539,-0.5538887043912871,-1090.5576007440739
phone_call,44897.53846153846,-0.4248082286438021,-926.0249401142685
phone_call,49242.46153846154,-0.32824503985589615,-784.7749975784117
phone_call,53587.38461538462,-0.2545067542964417,-662.1693972938934
phone_call,57932.307692307695,-0.19722128841671985,-554.7302538428779
phone_call,62277.23076923077,-0.15206519547420277,-459.797228537109
phone_call,66622.15384615384,-0.11602523927029654,-375.2998349807173
phone_call,70967.07692307692,-0.08695221448428467,-299.6020606617061
phone_call,75312.0,-0.06328201051121947,-231.39378029272973
phone_call,79656.92307692308,-0.04385600386565226,-169.61326530375638
phone_call,84001.84615384616,-0.027802378259234078,-113.39084987143222
phone_call,88346.76923076923,-0.014455891331983727,-62.00729397445726
phone_call,92691.69230769231,-0.003302518275676547,-14.862548083679297
phone_call,97036.61538461539,0.006059443746663899,28.547996167922356
phone_call,101381.53846153847,0.013947158204525615,68.65178540442938
phone_call,105726.46153846155,0.020613391876326864,105.81333163800416
phone_call,110071.38461538462,0.026261318021179432,140.34539924804722
phone_call,114416.3076923077,0.03105553132405701,172.5178846209501
phone_call,118761.23076923078,0.03513033797295944,202.56492586795048
phone_call,123106.15384615384,0.03859606079327104,230.69064142499442
phone_call,127451.07692307692,0.04154388147168272,257.0737967422586
phone_call,131796.0,0.04404959290247719,281.8716258302433
phone_call,136140.92307692306,0.046176531386863624,305.2229811554368
phone_call,140485.84615384616,0.04797788587850601,327.25094581714245
phone_call,144830.76923076925,0.04949852991416322,348.0650122074039
phone_call,149175.6923076923,0.05077648483388878,367.76290890923025
phone_call,153520.6153846154,0.05184409599991985,386.4321404027468
phone_call,157865.53846153847,0.05272898400940857,404.15129094283054
phone_call,162210.46153846153,0.053454818309864795,420.9911337207819
phone_call,166555.38461538462,0.05404194974632067,437.0155784505435
phone_call,170900.3076923077,0.054507930375664655,452.2824841811941
phone_call,175245.23076923078,0.05486794268474915,466.8443592145178
phone_call,179590.15384615384,0.05513515560586286,480.74896600848996
phone_call,183935.07692307694,0.05532102108203143,494.0398457848232
phone_call,188280.0,0.055435522118652,506.7567750261697
webinar,33330.0,-4.3625983964031825,-7059.72494533938
webinar,41021.53846153846,-2.8752881835336184,-5726.648872256098
webinar,48713.07692307692,-1.996105106937254,-4721.023908472744
webinar,56404.61538461539,-1.436790073373786,-3934.7323211470875
webinar,64096.153846153844,-1.0612905604241087,-3302.7332843723902
webinar,71787.69230769231,-0.7986038194776738,-2783.4832190622565
webinar,79479.23076923078,-0.6087712027237961,-2349.1729278358084
webinar,87170.76923076923,-0.46794005462852717,-1980.4702892459648
webinar,94862.30769230769,-0.3611809462462504,-1663.5112743397422
webinar,102553.84615384616,-0.2787779988745107,-1388.0901764969371
webinar,110245.38461538462,-0.21419828310358427,-1146.5252775824836
webinar,117936.92307692308,-0.16292532762114717,-932.922629617364
webinar,125628.46153846155,-0.12176111875499916,-742.6837180271245
webinar,133320.0,-0.0883935743143077,-572.167561523686
webinar,141011.53846153847,-0.061120273828521636,-418.45347028621586
webinar,148703.07692307694,-0.03866724790123456,-279.1710946051023
webinar,156394.61538461538,-0.02006729821524392,-152.37647856593398
webinar,164086.15384615387,-0.0045765679206439544,-36.460202732576526
webinar,171777.6923076923,0.008383741646510269,69.92168449528187
webinar,179469.23076923078,0.01926877937494252,167.90028651829022
webinar,187160.76923076925,0.02843991649220563,258.43442873629044
webinar,194852.3076923077,0.03618659806121016,342.34228251711096
webinar,202543.84615384616,0.042742531836469796,420.3262645569931
webinar,210235.38461538462,0.04829782262526812,492.99282395354004
webinar,217926.9230769231,0.05300816583336739,560.8683018369676
webinar,225618.46153846156,0.057001882397324566,624.4117444611529
webinar,233310.0,0.06038535168426681,684.0253317355811
webinar,241001.53846153847,0.06324724319966085,740.062923639713
webinar,248693.07692307694,0.06566183903435034,792.8371094491182
webinar,256384.6153846154,0.06769166189315862,842.6250572497314
webinar,264076.1538461539,0.06938956835998124,889.6733954807183
webinar,271767.6923076923,0.07080042713320256,934.2023084647675
webinar,279459.23076923075,0.0719624727928322,976.4089897709035
webinar,287150.76923076925,0.0729084041531488,1016.4705679550077
webinar,294842.30769230775,0.07366628024987959,1054.5465964115024
webinar,302533.8461538462,0.07426025501238408,1090.7811813121693
webinar,310225.3846153846,0.07471118259599632,1125.3048075540812
webinar,317916.92307692306,0.07503711844592048,1158.2359116019225
webinar,325608.46153846156,0.07525373586462482,1189.6822412324934
webinar,333300.0,0.07537467376834817,1219.7420351316332
