date,region,sub_brand,media,contribution
2023-01-01,national,dovato,clm_call,3545.1756419845733
2023-01-01,national,dovato,email_1to1,23.871560113137093
2023-01-01,national,dovato,mass_email,263.1910516394055
2023-01-01,national,dovato,non_clm_call,2839.6061042829388
2023-01-01,national,dovato,phone_call,103.21875693932452
2023-01-01,national,dovato,webinar,240.84992434008018
2023-01-08,national,dovato,clm_call,3547.7395599166957
2023-01-08,national,dovato,email_1to1,23.929125645798194
2023-01-08,national,dovato,mass_email,263.2293180176348
2023-01-08,national,dovato,non_clm_call,2842.460616735054
2023-01-08,national,dovato,phone_call,110.12752489725608
2023-01-08,national,dovato,webinar,248.9665080691011
2023-01-15,national,dovato,clm_call,3547.707956591901
2023-01-15,national,dovato,email_1to1,23.929294493133057
2023-01-15,national,dovato,mass_email,263.2294997202589
2023-01-15,national,dovato,non_clm_call,2842.396774946843
2023-01-15,national,dovato,phone_call,110.16398362806649
2023-01-15,national,dovato,webinar,248.99215107307464
2023-01-22,national,dovato,clm_call,3546.8965832164904
2023-01-22,national,dovato,email_1to1,23.912594872977934
2023-01-22,national,dovato,mass_email,263.2185389258266
2023-01-22,national,dovato,non_clm_call,2841.443185736727
2023-01-22,national,dovato,phone_call,108.09364513306718
2023-01-22,national,dovato,webinar,246.58726011996623
2023-02-05,national,dovato,clm_call,3547.68326094604
2023-02-05,national,dovato,email_1to1,23.92548719912884
2023-02-05,national,dovato,mass_email,263.23036312709155
2023-02-05,national,dovato,non_clm_call,2840.8144204516175
2023-02-05,national,dovato,phone_call,110.69095386152912
2023-02-05,national,dovato,webinar,237.07480306706566
2023-02-12,national,dovato,clm_call,3548.4714043435306
2023-02-12,national,dovato,email_1to1,23.942055535888358
2023-02-12,national,dovato,mass_email,263.24155925638115
2023-02-12,national,dovato,non_clm_call,2841.425090831435
2023-02-12,national,dovato,phone_call,112.9292010784302
2023-02-12,national,dovato,webinar,231.0662850412591
2023-02-19,national,dovato,clm_call,3548.249137034876
2023-02-19,national,dovato,email_1to1,23.937041304441664
2023-02-19,national,dovato,mass_email,263.23882783428417
2023-02-19,national,dovato,non_clm_call,2840.805442672434
2023-02-19,national,dovato,phone_call,112.43382206766546
2023-02-19,national,dovato,webinar,223.5888710006402
2023-02-26,national,dovato,clm_call,3547.4654008703583
2023-02-26,national,dovato,email_1to1,23.919498742863652
2023-02-26,national,dovato,mass_email,263.2284467752397
2023-02-26,national,dovato,non_clm_call,2839.2289591674853
2023-02-26,national,dovato,phone_call,110.50536206252946
2023-02-26,national,dovato,webinar,212.87227392835848
2023-03-05,national,dovato,clm_call,3547.6261613475217
2023-03-05,national,dovato,email_1to1,23.933808767586015
2023-03-05,national,dovato,mass_email,263.231122513218
2023-03-05,national,dovato,non_clm_call,2840.870670145483
2023-03-05,national,dovato,phone_call,109.52788391971626
2023-03-05,national,dovato,webinar,237.4388656901283
2023-03-12,national,dovato,clm_call,3548.2522909993277
2023-03-12,national,dovato,email_1to1,23.949422359080927
2023-03-12,national,dovato,mass_email,263.2396586820396
2023-03-12,national,dovato,non_clm_call,2842.1740780776126
2023-03-12,national,dovato,phone_call,110.66722259653034
2023-03-12,national,dovato,webinar,244.64857096342166
2023-03-19,national,dovato,clm_call,3547.9601425001456
2023-03-19,national,dovato,email_1to1,23.94515714638692
2023-03-19,national,dovato,mass_email,263.2360158065785
2023-03-19,national,dovato,non_clm_call,2841.8414482638036
2023-03-19,national,dovato,phone_call,109.60995927342083
2023-03-19,national,dovato,webinar,244.1958354843955
2023-03-26,national,dovato,clm_call,3547.078335493956
2023-03-26,national,dovato,email_1to1,23.929673534774338
2023-03-26,national,dovato,mass_email,263.2245731770745
2023-03-26,national,dovato,non_clm_call,2840.6406647337444
2023-03-26,national,dovato,phone_call,106.93331563235733
2023-03-26,national,dovato,webinar,240.7087181996976
2023-04-02,national,dovato,clm_call,3547.730119123071
2023-04-02,national,dovato,email_1to1,23.92314266246467
2023-04-02,national,dovato,mass_email,263.2437869929672
2023-04-02,national,dovato,non_clm_call,2842.1807518887326
2023-04-02,national,dovato,phone_call,109.01029492409725
2023-04-02,national,dovato,webinar,240.8763063191218
2023-04-09,national,dovato,clm_call,3548.479503123297
2023-04-09,national,dovato,email_1to1,23.932947646975663
2023-04-09,national,dovato,mass_email,263.25389202100996
2023-04-09,national,dovato,non_clm_call,2843.232967282678
2023-04-09,national,dovato,phone_call,111.35690270085252
2023-04-09,national,dovato,webinar,243.7448822953993
2023-04-16,national,dovato,clm_call,3548.249578527957
2023-04-16,national,dovato,email_1to1,23.924793308488006
2023-04-16,national,dovato,mass_email,263.2524734755825
2023-04-16,national,dovato,non_clm_call,2842.9928208662895
2023-04-16,national,dovato,phone_call,110.71594821515464
2023-04-16,national,dovato,webinar,242.2533279098825
2023-04-23,national,dovato,clm_call,3547.4619941850488
2023-04-23,national,dovato,email_1to1,23.9030395339214
2023-04-23,national,dovato,mass_email,263.2455839835584
2023-04-23,national,dovato,non_clm_call,2842.08920425794
2023-04-23,national,dovato,phone_call,108.42998784996962
2023-04-23,national,dovato,webinar,237.92246593026357
2023-05-07,national,dovato,clm_call,3548.137543606237
2023-05-07,national,dovato,email_1to1,23.93001470060699
2023-05-07,national,dovato,mass_email,263.23861788199065
2023-05-07,national,dovato,non_clm_call,2842.5292952336385
2023-05-07,national,dovato,phone_call,104.66935556436874
2023-05-07,national,dovato,webinar,232.97179646678705
2023-05-14,national,dovato,clm_call,3548.8257331764435
2023-05-14,national,dovato,email_1to1,23.948893160668376
2023-05-14,national,dovato,mass_email,263.241418000518
2023-05-14,national,dovato,non_clm_call,2843.291139244022
2023-05-14,national,dovato,phone_call,104.48601913816674
2023-05-14,national,dovato,webinar,234.01116759672368
2023-05-21,national,dovato,clm_call,3548.629559834051
2023-05-21,national,dovato,email_1to1,23.945285850113578
2023-05-21,national,dovato,mass_email,263.2362553258936
2023-05-21,national,dovato,non_clm_call,2842.995561163105
2023-05-21,national,dovato,phone_call,102.22539578526994
2023-05-21,national,dovato,webinar,230.73210661548
2023-05-28,national,dovato,clm_call,3547.9404085685383
2023-05-28,national,dovato,email_1to1,23.930166283786093
2023-05-28,national,dovato,mass_email,263.22399155954554
2023-05-28,national,dovato,non_clm_call,2842.0643338889968
2023-05-28,national,dovato,phone_call,97.86994528379
2023-05-28,national,dovato,webinar,223.6389036845285
2023-06-04,national,dovato,clm_call,3547.9952502528686
2023-06-04,national,dovato,email_1to1,23.92510285026583
2023-06-04,national,dovato,mass_email,263.23285579374715
2023-06-04,national,dovato,non_clm_call,2842.0608913947653
2023-06-04,national,dovato,phone_call,108.5073930766157
2023-06-04,national,dovato,webinar,233.4931778882892
2023-06-11,national,dovato,clm_call,3548.52848869027
2023-06-11,national,dovato,email_1to1,23.93533327365367
2023-06-11,national,dovato,mass_email,263.2429472382937
2023-06-11,national,dovato,non_clm_call,2842.7533195399956
2023-06-11,national,dovato,phone_call,112.20450222026557
2023-06-11,national,dovato,webinar,239.8638786657939
2023-06-18,national,dovato,clm_call,3548.252196863439
2023-06-18,national,dovato,email_1to1,23.927657433534478
2023-06-18,national,dovato,mass_email,263.2401410939383
2023-06-18,national,dovato,non_clm_call,2842.3608822839487
2023-06-18,national,dovato,phone_call,111.92763403864592
2023-06-18,national,dovato,webinar,238.7876977161177
2023-06-25,national,dovato,clm_call,3547.4406652492344
2023-06-25,national,dovato,email_1to1,23.9067523144804
2023-06-25,national,dovato,mass_email,263.2299919879624
2023-06-25,national,dovato,non_clm_call,2841.241491571651
2023-06-25,national,dovato,phone_call,110.01632142007657
2023-06-25,national,dovato,webinar,234.08446759579965
2023-07-02,national,dovato,clm_call,3547.874297570361
2023-07-02,national,dovato,email_1to1,23.909524203183537
2023-07-02,national,dovato,mass_email,263.2440304732954
2023-07-02,national,dovato,non_clm_call,2842.3053694202863
2023-07-02,national,dovato,phone_call,107.97001108167751
2023-07-02,national,dovato,webinar,243.18029151096925
2023-07-09,national,dovato,clm_call,3548.5449452770263
2023-07-09,national,dovato,email_1to1,23.925313350369834
2023-07-09,national,dovato,mass_email,263.2533146486858
2023-07-09,national,dovato,non_clm_call,2843.2497845108046
2023-07-09,national,dovato,phone_call,108.66349465999883
2023-07-09,national,dovato,webinar,247.8003280389421
2023-07-16,national,dovato,clm_call,3548.3057029174633
2023-07-16,national,dovato,email_1to1,23.917807639572857
2023-07-16,national,dovato,mass_email,263.2516602077085
2023-07-16,national,dovato,non_clm_call,2842.98952842379
2023-07-16,national,dovato,phone_call,107.21698904924779
2023-07-16,national,dovato,webinar,247.19215216072553
2023-07-23,national,dovato,clm_call,3547.52522105125
2023-07-23,national,dovato,email_1to1,23.895002691449918
2023-07-23,national,dovato,mass_email,263.2444840852295
2023-07-23,national,dovato,non_clm_call,2842.0751124892813
2023-07-23,national,dovato,phone_call,103.97273095084893
2023-07-23,national,dovato,webinar,244.17049384408165
2023-08-06,national,dovato,clm_call,3547.699570790046
2023-08-06,national,dovato,email_1to1,23.899350071693334
2023-08-06,national,dovato,mass_email,263.24669747276494
2023-08-06,national,dovato,non_clm_call,2842.1685464703733
2023-08-06,national,dovato,phone_call,102.68897655086403
2023-08-06,national,dovato,webinar,241.04390279244035
2023-08-13,national,dovato,clm_call,3548.319065767504
2023-08-13,national,dovato,email_1to1,23.917208980885334
2023-08-13,national,dovato,mass_email,263.2527537981805
2023-08-13,national,dovato,non_clm_call,2842.879071767369
2023-08-13,national,dovato,phone_call,104.4744828023322
2023-08-13,national,dovato,webinar,242.17476483859718
2023-08-20,national,dovato,clm_call,3548.034870230109
2023-08-20,national,dovato,email_1to1,23.909133347377065
2023-08-20,national,dovato,mass_email,263.25026874843024
2023-08-20,national,dovato,non_clm_call,2842.5101827525286
2023-08-20,national,dovato,phone_call,102.93781701719126
2023-08-20,national,dovato,webinar,239.93106444346267
2023-08-27,national,dovato,clm_call,3547.1731350628143
2023-08-27,national,dovato,email_1to1,23.884255507535272
2023-08-27,national,dovato,mass_email,263.2423716003377
2023-08-27,national,dovato,non_clm_call,2841.435514898234
2023-08-27,national,dovato,phone_call,99.0652316713531
2023-08-27,national,dovato,webinar,234.80787867481376
2023-09-03,national,dovato,clm_call,3547.6534156315647
2023-09-03,national,dovato,email_1to1,23.90810243937449
2023-09-03,national,dovato,mass_email,263.24177977085856
2023-09-03,national,dovato,non_clm_call,2842.044285056061
2023-09-03,national,dovato,phone_call,99.6969989889476
2023-09-03,national,dovato,webinar,231.98826214446308
2023-09-10,national,dovato,clm_call,3548.3714939142083
2023-09-10,national,dovato,email_1to1,23.930094149131037
2023-09-10,national,dovato,mass_email,263.24750910409784
2023-09-10,national,dovato,non_clm_call,2842.9281851582673
2023-09-10,national,dovato,phone_call,102.6479488925761
2023-09-10,national,dovato,webinar,234.53607108900906
2023-09-17,national,dovato,clm_call,3548.119198975761
2023-09-17,national,dovato,email_1to1,23.924774663006247
2023-09-17,national,dovato,mass_email,263.244195993997
2023-09-17,national,dovato,non_clm_call,2842.608999745011
2023-09-17,national,dovato,phone_call,101.2784840889799
2023-09-17,national,dovato,webinar,231.84873511958358
2023-09-24,national,dovato,clm_call,3547.2922279825725
2023-09-24,national,dovato,email_1to1,23.904553762720752
2023-09-24,national,dovato,mass_email,263.2346042191057
2023-09-24,national,dovato,non_clm_call,2841.5817976258622
2023-09-24,national,dovato,phone_call,97.27986054776193
2023-09-24,national,dovato,webinar,225.24199197090638
2023-10-01,national,dovato,clm_call,3547.8484949733647
2023-10-01,national,dovato,email_1to1,23.903957633036043
2023-10-01,national,dovato,mass_email,263.23208250707467
2023-10-01,national,dovato,non_clm_call,2842.2440793752758
2023-10-01,national,dovato,phone_call,103.81096062940196
2023-10-01,national,dovato,webinar,233.14828761545868
2023-10-08,national,dovato,clm_call,3548.555354704451
2023-10-08,national,dovato,email_1to1,23.919265542397625
2023-10-08,national,dovato,mass_email,263.23839556438907
2023-10-08,national,dovato,non_clm_call,2843.1093935405916
2023-10-08,national,dovato,phone_call,107.83170983394302
2023-10-08,national,dovato,webinar,239.20087253597012
2023-10-15,national,dovato,clm_call,3548.326123210052
2023-10-15,national,dovato,email_1to1,23.910774553660303
2023-10-15,national,dovato,mass_email,263.2339429445092
2023-10-15,national,dovato,non_clm_call,2842.8118459345606
2023-10-15,national,dovato,phone_call,107.21459105691974
2023-10-15,national,dovato,webinar,237.98752091651477
2023-10-22,national,dovato,clm_call,3547.5552063820105
2023-10-22,national,dovato,email_1to1,23.88600213337122
2023-10-22,national,dovato,mass_email,263.22162911646956
2023-10-22,national,dovato,non_clm_call,2841.839789440968
2023-10-22,national,dovato,phone_call,104.39214470903607
2023-10-22,national,dovato,webinar,233.08693385872903
2023-11-05,national,dovato,clm_call,3547.8383230526633
2023-11-05,national,dovato,email_1to1,23.930201556395332
2023-11-05,national,dovato,mass_email,263.2366240003066
2023-11-05,national,dovato,non_clm_call,2842.1996236417217
2023-11-05,national,dovato,phone_call,106.29736386373406
2023-11-05,national,dovato,webinar,239.6764613541527
2023-11-12,national,dovato,clm_call,3548.471177066851
2023-11-12,national,dovato,email_1to1,23.951559876670217
2023-11-12,national,dovato,mass_email,263.24739804141063
2023-11-12,national,dovato,non_clm_call,2842.9903827239505
2023-11-12,national,dovato,phone_call,108.94534999031748
2023-11-12,national,dovato,webinar,244.48026769259377
2023-11-19,national,dovato,clm_call,3548.212235855455
2023-11-19,national,dovato,email_1to1,23.948773806951067
2023-11-19,national,dovato,mass_email,263.24531945226045
2023-11-19,national,dovato,non_clm_call,2842.658039764101
2023-11-19,national,dovato,phone_call,108.1218515760338
2023-11-19,national,dovato,webinar,243.5535110660785
2023-11-26,national,dovato,clm_call,3547.401528497503
2023-11-26,national,dovato,email_1to1,23.934785404209833
2023-11-26,national,dovato,mass_email,263.236615264017
2023-11-26,national,dovato,non_clm_call,2841.634596872793
2023-11-26,national,dovato,phone_call,105.33761695628345
2023-11-26,national,dovato,webinar,239.73114924262336
2023-12-03,national,dovato,clm_call,3547.956951553162
2023-12-03,national,dovato,email_1to1,23.930635956450715
2023-12-03,national,dovato,mass_email,263.2371053857896
2023-12-03,national,dovato,non_clm_call,2842.518204447475
2023-12-03,national,dovato,phone_call,108.20445585526977
2023-12-03,national,dovato,webinar,231.89207723233267
2023-12-10,national,dovato,clm_call,3548.6461938627253
2023-12-10,national,dovato,email_1to1,23.940472433714604
2023-12-10,national,dovato,mass_email,263.24395876452036
2023-12-10,national,dovato,non_clm_call,2843.3893484678556
2023-12-10,national,dovato,phone_call,110.85806099132606
2023-12-10,national,dovato,webinar,230.47834380017594
2023-12-17,national,dovato,clm_call,3548.425496132808
2023-12-17,national,dovato,email_1to1,23.93342231540373
2023-12-17,national,dovato,mass_email,263.24045981573363
2023-12-17,national,dovato,non_clm_call,2843.1326816759793
2023-12-17,national,dovato,phone_call,110.23667988970192
2023-12-17,national,dovato,webinar,225.7492381958873
2023-12-24,national,dovato,clm_call,3547.680174292507
2023-12-24,national,dovato,email_1to1,23.914033955486957
2023-12-24,national,dovato,mass_email,263.23000388117725
2023-12-24,national,dovato,non_clm_call,2842.2512316463635
2023-12-24,national,dovato,phone_call,107.88276365078855
2023-12-24,national,dovato,webinar,217.1408436213278
2024-01-07,national,dovato,clm_call,3548.1815195218187
2024-01-07,national,dovato,email_1to1,23.91481658979319
2024-01-07,national,dovato,mass_email,263.22904613013816
2024-01-07,national,dovato,non_clm_call,2842.4935864319777
2024-01-07,national,dovato,phone_call,104.86447974182374
2024-01-07,national,dovato,webinar,243.07880685500277
2024-01-14,national,dovato,clm_call,3548.8211901066716
2024-01-14,national,dovato,email_1to1,23.92907589646711
2024-01-14,national,dovato,mass_email,263.2365021084115
2024-01-14,national,dovato,non_clm_call,2843.203047109131
2024-01-14,national,dovato,phone_call,105.2860323094319
2024-01-14,national,dovato,webinar,248.9807440627519
2024-01-21,national,dovato,clm_call,3548.6132992236417
2024-01-21,national,dovato,email_1to1,23.921677081241796
2024-01-21,national,dovato,mass_email,263.2321143669942
2024-01-21,national,dovato,non_clm_call,2842.8818761158363
2024-01-21,national,dovato,phone_call,103.35759580539525
2024-01-21,national,dovato,webinar,248.71137593791354
2024-01-28,national,dovato,clm_call,3547.9146296537037
2024-01-28,national,dovato,email_1to1,23.899716479740164
2024-01-28,national,dovato,mass_email,263.21946570696673
2024-01-28,national,dovato,non_clm_call,2841.9126567773164
2024-01-28,national,dovato,phone_call,99.32842622405587
2024-01-28,national,dovato,webinar,246.12584916325432
2024-02-04,national,dovato,clm_call,3547.6844661420437
2024-02-04,national,dovato,email_1to1,23.927838422285276
2024-02-04,national,dovato,mass_email,263.2221522503096
2024-02-04,national,dovato,non_clm_call,2841.4326573131366
2024-02-04,national,dovato,phone_call,107.63958680237192
2024-02-04,national,dovato,webinar,241.56846351223066
2024-02-11,national,dovato,clm_call,3548.148538505826
2024-02-11,national,dovato,email_1to1,23.94730540472301
2024-02-11,national,dovato,mass_email,263.23202590052097
2024-02-11,national,dovato,non_clm_call,2842.018933373238
2024-02-11,national,dovato,phone_call,111.27875483075331
2024-02-11,national,dovato,webinar,241.46425873575936
2024-02-18,national,dovato,clm_call,3547.796430234841
2024-02-18,national,dovato,email_1to1,23.943623762253992
2024-02-18,national,dovato,mass_email,263.22767919565376
2024-02-18,national,dovato,non_clm_call,2841.484328886203
2024-02-18,national,dovato,phone_call,110.90619224894544
2024-02-18,national,dovato,webinar,238.6438338902226
2024-02-25,national,dovato,clm_call,3546.8473769912252
2024-02-25,national,dovato,email_1to1,23.928123235487874
2024-02-25,national,dovato,mass_email,263.21414848688073
2024-02-25,national,dovato,non_clm_call,2840.0996467216137
2024-02-25,national,dovato,phone_call,108.77977201840986
2024-02-25,national,dovato,webinar,232.98209314358246
2024-03-03,national,dovato,clm_call,3547.2928531729267
2024-03-03,national,dovato,email_1to1,23.934983489325532
2024-03-03,national,dovato,mass_email,263.2384078901305
2024-03-03,national,dovato,non_clm_call,2841.8568482150586
2024-03-03,national,dovato,phone_call,108.3946131890807
2024-03-03,national,dovato,webinar,239.65065804381447
2024-03-10,national,dovato,clm_call,3548.0578718155375
2024-03-10,national,dovato,email_1to1,23.948372665141505
2024-03-10,national,dovato,mass_email,263.250225842472
2024-03-10,national,dovato,non_clm_call,2843.0030278528757
2024-03-10,national,dovato,phone_call,109.96332851194893
2024-03-10,national,dovato,webinar,244.4737194754598
2024-03-17,national,dovato,clm_call,3547.772661749219
2024-03-17,national,dovato,email_1to1,23.94342362863972
2024-03-17,national,dovato,mass_email,263.24870245672355
2024-03-17,national,dovato,non_clm_call,2842.750781947585
2024-03-17,national,dovato,phone_call,108.95658973643367
2024-03-17,national,dovato,webinar,243.55043860180376
2024-03-24,national,dovato,clm_call,3546.854787358474
2024-03-24,national,dovato,email_1to1,23.927223574424715
2024-03-24,national,dovato,mass_email,263.2409776718905
2024-03-24,national,dovato,non_clm_call,2841.788328670049
2024-03-24,national,dovato,phone_call,106.20652903942391
2024-03-24,national,dovato,webinar,239.72923263198027
2024-04-07,national,dovato,clm_call,3547.372845674654
2024-04-07,national,dovato,email_1to1,23.913779103975685
2024-04-07,national,dovato,mass_email,263.2425137342252
2024-04-07,national,dovato,non_clm_call,2842.407265890899
2024-04-07,national,dovato,phone_call,110.2186579500667
2024-04-07,national,dovato,webinar,244.1447225934353
2024-04-14,national,dovato,clm_call,3548.145342923326
2024-04-14,national,dovato,email_1to1,23.92114492777182
2024-04-14,national,dovato,mass_email,263.24895756432306
2024-04-14,national,dovato,non_clm_call,2843.2354626581364
2024-04-14,national,dovato,phone_call,112.80794704697473
2024-04-14,national,dovato,webinar,247.81769177104798
2024-04-21,national,dovato,clm_call,3547.874259374128
2024-04-21,national,dovato,email_1to1,23.910439604340354
2024-04-21,national,dovato,mass_email,263.24604833054036
2024-04-21,national,dovato,non_clm_call,2842.9473922703946
2024-04-21,national,dovato,phone_call,112.3767361868995
2024-04-21,national,dovato,webinar,247.01316780494744
2024-04-28,national,dovato,clm_call,3546.985380141856
2024-04-28,national,dovato,email_1to1,23.884333802416222
2024-04-28,national,dovato,mass_email,263.2370570649473
2024-04-28,national,dovato,non_clm_call,2842.009618655715
2024-04-28,national,dovato,phone_call,110.46973478255495
2024-04-28,national,dovato,webinar,243.86369249444033
2024-05-05,national,dovato,clm_call,3540.697601487198
2024-05-05,national,dovato,email_1to1,23.899659477800014
2024-05-05,national,dovato,mass_email,263.23941858950275
2024-05-05,national,dovato,non_clm_call,2835.2050829218715
2024-05-05,national,dovato,phone_call,107.09923456522301
2024-05-05,national,dovato,webinar,241.97020796619836
2024-05-12,national,dovato,clm_call,3526.278808871448
2024-05-12,national,dovato,email_1to1,23.920899608874606
2024-05-12,national,dovato,mass_email,263.2466111745998
2024-05-12,national,dovato,non_clm_call,2819.3123905240573
2024-05-12,national,dovato,phone_call,106.84269483472599
2024-05-12,national,dovato,webinar,243.73074511476807
2024-05-19,national,dovato,clm_call,3494.770357174544
2024-05-19,national,dovato,email_1to1,23.914193820743094
2024-05-19,national,dovato,mass_email,263.24357589606007
2024-05-19,national,dovato,non_clm_call,2784.258616793966
2024-05-19,national,dovato,phone_call,104.80651741866313
2024-05-19,national,dovato,webinar,241.90156290198138
2024-05-26,national,dovato,clm_call,3430.579142225233
2024-05-26,national,dovato,email_1to1,23.89108067026791
2024-05-26,national,dovato,mass_email,263.2340102814833
2024-05-26,national,dovato,non_clm_call,2713.2030906394702
2024-05-26,national,dovato,phone_call,100.89941849722345
2024-05-26,national,dovato,webinar,237.33036875423386
2024-06-02,national,dovato,clm_call,3346.863539111604
2024-06-02,national,dovato,email_1to1,23.914425737035344
2024-06-02,national,dovato,mass_email,263.23952340501637
2024-06-02,national,dovato,non_clm_call,2597.959190368074
2024-06-02,national,dovato,phone_call,107.53279380283493
2024-06-02,national,dovato,webinar,246.0674691065251
2024-06-09,national,dovato,clm_call,3296.871015668141
2024-06-09,national,dovato,email_1to1,23.93526202508656
2024-06-09,national,dovato,mass_email,263.2476799060423
2024-06-09,national,dovato,non_clm_call,2502.469530340062
2024-06-09,national,dovato,phone_call,110.97651202833731
2024-06-09,national,dovato,webinar,250.10001547178763
2024-06-16,national,dovato,clm_call,3231.7951232415544
2024-06-16,national,dovato,email_1to1,23.930349134472635
2024-06-16,national,dovato,mass_email,263.24503752182864
2024-06-16,national,dovato,non_clm_call,2394.1588023762815
2024-06-16,national,dovato,phone_call,110.53735619250074
2024-06-16,national,dovato,webinar,249.6221412268933
2024-06-23,national,dovato,clm_call,3133.652974019493
2024-06-23,national,dovato,email_1to1,23.911484005027887
2024-06-23,national,dovato,mass_email,263.23598255284924
2024-06-23,national,dovato,non_clm_call,2251.527212450481
2024-06-23,national,dovato,phone_call,108.31932205414341
2024-06-23,national,dovato,webinar,247.10986936757035
2024-07-07,national,dovato,clm_call,3129.524486235023
2024-07-07,national,dovato,email_1to1,23.931302158074686
2024-07-07,national,dovato,mass_email,263.2384075074515
2024-07-07,national,dovato,non_clm_call,2362.8069643313975
2024-07-07,national,dovato,phone_call,110.2742162874747
2024-07-07,national,dovato,webinar,239.14946944015173
2024-07-14,national,dovato,clm_call,3185.2317438831633
2024-07-14,national,dovato,email_1to1,23.948574720277975
2024-07-14,national,dovato,mass_email,263.24577246516856
2024-07-14,national,dovato,non_clm_call,2458.5325873059264
2024-07-14,national,dovato,phone_call,112.41734616542817
2024-07-14,national,dovato,webinar,235.231644448344
2024-07-21,national,dovato,clm_call,3152.496266606213
2024-07-21,national,dovato,email_1to1,23.94457825653444
2024-07-21,national,dovato,mass_email,263.2426666198153
2024-07-21,national,dovato,non_clm_call,2433.5014407259496
2024-07-21,national,dovato,phone_call,111.84350796816943
2024-07-21,national,dovato,webinar,229.61688835789028
2024-07-28,national,dovato,clm_call,3062.650795586638
2024-07-28,national,dovato,email_1to1,23.929114416885568
2024-07-28,national,dovato,mass_email,263.2328766071514
2024-07-28,national,dovato,non_clm_call,2347.041469481883
2024-07-28,national,dovato,phone_call,109.77675071502745
2024-07-28,national,dovato,webinar,220.89899046214487
2024-08-04,national,dovato,clm_call,3422.87608219908
2024-08-04,national,dovato,email_1to1,23.93505262931285
2024-08-04,national,dovato,mass_email,263.2484835276482
2024-08-04,national,dovato,non_clm_call,2372.3751815511096
2024-08-04,national,dovato,phone_call,120.53222651662509
2024-08-04,national,dovato,webinar,245.47932525993747
2024-08-11,national,dovato,clm_call,3469.006117851437
2024-08-11,national,dovato,email_1to1,23.948142184497556
2024-08-11,national,dovato,mass_email,263.25718174032954
2024-08-11,national,dovato,non_clm_call,2443.816452015639
2024-08-11,national,dovato,phone_call,120.86717150633194
2024-08-11,national,dovato,webinar,250.69160039662165
2024-08-18,national,dovato,clm_call,3467.120300691706
2024-08-18,national,dovato,email_1to1,23.943084852759057
2024-08-18,national,dovato,mass_email,263.2558814594631
2024-08-18,national,dovato,non_clm_call,2411.532785699601
2024-08-18,national,dovato,phone_call,120.86697092976465
2024-08-18,national,dovato,webinar,250.4715811342976
2024-08-25,national,dovato,clm_call,3448.522601408091
2024-08-25,national,dovato,email_1to1,23.926757511868345
2024-08-25,national,dovato,mass_email,263.24975835256373
2024-08-25,national,dovato,non_clm_call,2318.6094306666764
2024-08-25,national,dovato,phone_call,120.76473828784037
2024-08-25,national,dovato,webinar,248.23815178461336
2024-09-01,national,dovato,clm_call,3446.3205763217957
2024-09-01,national,dovato,email_1to1,23.936528701633506
2024-09-01,national,dovato,mass_email,263.24515804174007
2024-09-01,national,dovato,non_clm_call,2740.9732441885135
2024-09-01,national,dovato,phone_call,120.89599864939373
2024-09-01,national,dovato,webinar,244.59100813137775
2024-09-08,national,dovato,clm_call,3460.968312483208
2024-09-08,national,dovato,email_1to1,23.95053455001471
2024-09-08,national,dovato,mass_email,263.24838251188703
2024-09-08,national,dovato,non_clm_call,2779.962233343813
2024-09-08,national,dovato,phone_call,121.00093343928529
2024-09-08,national,dovato,webinar,244.72534693268244
2024-09-15,national,dovato,clm_call,3451.9784030273804
2024-09-15,national,dovato,email_1to1,23.946032381089026
2024-09-15,national,dovato,mass_email,263.2444157161517
2024-09-15,national,dovato,non_clm_call,2778.29826877941
2024-09-15,national,dovato,phone_call,120.97869980893665
2024-09-15,national,dovato,webinar,242.42909947192675
2024-09-22,national,dovato,clm_call,3426.8575857801807
2024-09-22,national,dovato,email_1to1,23.930604315126402
2024-09-22,national,dovato,mass_email,263.2344939971881
2024-09-22,national,dovato,non_clm_call,2762.88499149356
2024-09-22,national,dovato,phone_call,120.88927188097114
2024-09-22,national,dovato,webinar,237.67504355043638
2024-10-06,national,dovato,clm_call,3546.095439653498
2024-10-06,national,dovato,email_1to1,23.92610527612851
2024-10-06,national,dovato,mass_email,263.2344184092872
2024-10-06,national,dovato,non_clm_call,2840.2885446879445
2024-10-06,national,dovato,phone_call,120.87799481899492
2024-10-06,national,dovato,webinar,247.99962722189957
2024-10-13,national,dovato,clm_call,3548.2400206955826
2024-10-13,national,dovato,email_1to1,23.93645339536306
2024-10-13,national,dovato,mass_email,263.2414449792195
2024-10-13,national,dovato,non_clm_call,2842.780087327523
2024-10-13,national,dovato,phone_call,120.94382171319012
2024-10-13,national,dovato,webinar,251.79943024981185
2024-10-20,national,dovato,clm_call,3548.205246751808
2024-10-20,national,dovato,email_1to1,23.92897566047759
2024-10-20,national,dovato,mass_email,263.23763869300456
2024-10-20,national,dovato,non_clm_call,2842.7052546119994
2024-10-20,national,dovato,phone_call,120.90392239192806
2024-10-20,national,dovato,webinar,251.45670297139077
2024-10-27,national,dovato,clm_call,3547.5003182604705
2024-10-27,national,dovato,email_1to1,23.908448409820267
2024-10-27,national,dovato,mass_email,263.2264378201253
2024-10-27,national,dovato,non_clm_call,2841.8150857347246
2024-10-27,national,dovato,phone_call,120.7898333735975
2024-10-27,national,dovato,webinar,249.35397620665026
2024-11-03,national,dovato,clm_call,3547.2203809715393
2024-11-03,national,dovato,email_1to1,23.918384086311562
2024-11-03,national,dovato,mass_email,263.22817862501324
2024-11-03,national,dovato,non_clm_call,2842.323276303501
2024-11-03,national,dovato,phone_call,120.93768704781905
2024-11-03,national,dovato,webinar,243.2583156490109
2024-11-10,national,dovato,clm_call,3547.732958144363
2024-11-10,national,dovato,email_1to1,23.935218687543966
2024-11-10,national,dovato,mass_email,263.2368201957215
2024-11-10,national,dovato,non_clm_call,2843.136242909175
2024-11-10,national,dovato,phone_call,121.03845458142314
2024-11-10,national,dovato,webinar,240.79786823315953
2024-11-17,national,dovato,clm_call,3547.3324252192724
2024-11-17,national,dovato,email_1to1,23.929351120463252
2024-11-17,national,dovato,mass_email,263.23280995389723
2024-11-17,national,dovato,non_clm_call,2842.8303828497556
2024-11-17,national,dovato,phone_call,121.02002132294365
2024-11-17,national,dovato,webinar,236.6944745124274
2024-11-24,national,dovato,clm_call,3546.2591564778286
2024-11-24,national,dovato,email_1to1,23.90978214998904
2024-11-24,national,dovato,mass_email,263.22051160705087
2024-11-24,national,dovato,non_clm_call,2841.8580438579465
2024-11-24,national,dovato,phone_call,120.94101354579834
2024-11-24,national,dovato,webinar,229.9213189538168
2024-12-01,national,dovato,clm_call,3546.995793536622
2024-12-01,national,dovato,email_1to1,23.89061333540667
2024-12-01,national,dovato,mass_email,263.22641819606724
2024-12-01,national,dovato,non_clm_call,2842.4062105926896
2024-12-01,national,dovato,phone_call,120.95316491155245
2024-12-01,national,dovato,webinar,243.1215443740075
2024-12-08,national,dovato,clm_call,3547.884508809013
2024-12-08,national,dovato,email_1to1,23.89812554314267
2024-12-08,national,dovato,mass_email,263.2366984612672
2024-12-08,national,dovato,non_clm_call,2843.216525866519
2024-12-08,national,dovato,phone_call,121.0173099597232
2024-12-08,national,dovato,webinar,248.21296632520534
2024-12-15,national,dovato,clm_call,3547.6043033846254
2024-12-15,national,dovato,email_1to1,23.884018719221785
2024-12-15,national,dovato,mass_email,263.23310070232765
2024-12-15,national,dovato,non_clm_call,2842.9216002708963
2024-12-15,national,dovato,phone_call,120.98728618389941
2024-12-15,national,dovato,webinar,247.73565568107006
2024-12-22,national,dovato,clm_call,3546.653231748791
2024-12-22,national,dovato,email_1to1,23.85065866194418
2024-12-22,national,dovato,mass_email,263.2210848188406
2024-12-22,national,dovato,non_clm_call,2841.974692372416
2024-12-22,national,dovato,phone_call,120.89549560589512
2024-12-22,national,dovato,webinar,244.87488350521744
2025-01-05,national,dovato,clm_call,3547.8756955001736
2025-01-05,national,dovato,email_1to1,23.90776337709758
2025-01-05,national,dovato,mass_email,263.23183504811095
2025-01-05,national,dovato,non_clm_call,2842.483149951051
2025-01-05,national,dovato,phone_call,120.89076411572023
2025-01-05,national,dovato,webinar,249.10784967196741
2025-01-12,national,dovato,clm_call,3548.7147362582145
2025-01-12,national,dovato,email_1to1,23.935208925984625
2025-01-12,national,dovato,mass_email,263.2425451952877
2025-01-12,national,dovato,non_clm_call,2843.270768125156
2025-01-12,national,dovato,phone_call,120.95747413573554
2025-01-12,national,dovato,webinar,251.94715753117998
2025-01-19,national,dovato,clm_call,3548.5360114569994
2025-01-19,national,dovato,email_1to1,23.931652657724044
2025-01-19,national,dovato,mass_email,263.23983070748363
2025-01-19,national,dovato,non_clm_call,2842.9783354445262
2025-01-19,national,dovato,phone_call,120.91976647770207
2025-01-19,national,dovato,webinar,251.435387129397
2025-01-26,national,dovato,clm_call,3547.835699386638
2025-01-26,national,dovato,email_1to1,23.9137376616618
2025-01-26,national,dovato,mass_email,263.22966539976915
2025-01-26,national,dovato,non_clm_call,2842.0450124954987
2025-01-26,national,dovato,phone_call,120.81009020674537
2025-01-26,national,dovato,webinar,249.24736153555205
2025-02-02,national,dovato,clm_call,3547.383354151607
2025-02-02,national,dovato,email_1to1,23.92256590303441
2025-02-02,national,dovato,mass_email,263.2330812545333
2025-02-02,national,dovato,non_clm_call,2842.0252017713137
2025-02-02,national,dovato,phone_call,120.85015064118852
2025-02-02,national,dovato,webinar,248.535367102897
2025-02-09,national,dovato,clm_call,3547.783847381408
2025-02-09,national,dovato,email_1to1,23.938434636398597
2025-02-09,national,dovato,mass_email,263.24157429163097
2025-02-09,national,dovato,non_clm_call,2842.717039400566
2025-02-09,national,dovato,phone_call,120.93910727730326
2025-02-09,national,dovato,webinar,250.01386134964923
2025-02-16,national,dovato,clm_call,3547.3568799572713
2025-02-16,national,dovato,email_1to1,23.932760500891163
2025-02-16,national,dovato,mass_email,263.23818506188763
2025-02-16,national,dovato,non_clm_call,2842.3189931756024
2025-02-16,national,dovato,phone_call,120.90490566529115
2025-02-16,national,dovato,webinar,248.91133485401588
2025-02-23,national,dovato,clm_call,3546.273790886031
2025-02-23,national,dovato,email_1to1,23.913991856785287
2025-02-23,national,dovato,mass_email,263.2273239433416
2025-02-23,national,dovato,non_clm_call,2841.1875861174667
2025-02-23,national,dovato,phone_call,120.79413459731586
2025-02-23,national,dovato,webinar,245.94903488051568
2025-03-02,national,dovato,clm_call,3547.4662364220494
2025-03-02,national,dovato,email_1to1,23.922654244950536
2025-03-02,national,dovato,mass_email,263.2350075619979
2025-03-02,national,dovato,non_clm_call,2842.276118790578
2025-03-02,national,dovato,phone_call,120.81552345789169
2025-03-02,national,dovato,webinar,245.97676854968086
2025-03-09,national,dovato,clm_call,3548.3729521949354
2025-03-09,national,dovato,email_1to1,23.938459500954195
2025-03-09,national,dovato,mass_email,263.2444566176964
2025-03-09,national,dovato,non_clm_call,2843.2304451616656
2025-03-09,national,dovato,phone_call,120.9032714085879
2025-03-09,national,dovato,webinar,248.1232905185061
2025-03-16,national,dovato,clm_call,3548.1631189751206
2025-03-16,national,dovato,email_1to1,23.932772714109888
2025-03-16,national,dovato,mass_email,263.2416974765729
2025-03-16,national,dovato,non_clm_call,2842.9696284095335
2025-03-16,national,dovato,phone_call,120.86382706265431
2025-03-16,national,dovato,webinar,246.97165541211507
2025-03-23,national,dovato,clm_call,3547.3673233249847
2025-03-23,national,dovato,email_1to1,23.913999826781946
2025-03-23,national,dovato,mass_email,263.2318936203501
2025-03-23,national,dovato,non_clm_call,2842.0505973867294
2025-03-23,national,dovato,phone_call,120.74189335597293
2025-03-23,national,dovato,webinar,243.63646725872604
2025-04-06,national,dovato,clm_call,3546.8043651819607
2025-04-06,national,dovato,email_1to1,23.921399923088757
2025-04-06,national,dovato,mass_email,263.23884489763805
2025-04-06,national,dovato,non_clm_call,2842.1291616986855
2025-04-06,national,dovato,phone_call,120.9015813560909
2025-04-06,national,dovato,webinar,245.08474066508643
2025-04-13,national,dovato,clm_call,3547.237835531174
2025-04-13,national,dovato,email_1to1,23.937004505507502
2025-04-13,national,dovato,mass_email,263.2474983264219
2025-04-13,national,dovato,non_clm_call,2842.8405581490624
2025-04-13,national,dovato,phone_call,121.01084603104755
2025-04-13,national,dovato,webinar,247.85622479871017
2025-04-20,national,dovato,clm_call,3546.737383484502
2025-04-20,national,dovato,email_1to1,23.931068138310366
2025-04-20,national,dovato,mass_email,263.24495267755265
2025-04-20,national,dovato,non_clm_call,2842.4661508072386
2025-04-20,national,dovato,phone_call,120.9907839679945
2025-04-20,national,dovato,webinar,246.83988367860366
2025-04-27,national,dovato,clm_call,3545.4834350188903
2025-04-27,national,dovato,email_1to1,23.911813475730014
2025-04-27,national,dovato,mass_email,263.23593135351257
2025-04-27,national,dovato,non_clm_call,2841.3790593515696
2025-04-27,national,dovato,phone_call,120.90494103909259
2025-04-27,national,dovato,webinar,243.55219662656236
2025-05-04,national,dovato,clm_call,3547.360559013059
2025-05-04,national,dovato,email_1to1,23.921271559298475
2025-05-04,national,dovato,mass_email,263.2422648229949
2025-05-04,national,dovato,non_clm_call,2840.768426975257
2025-05-04,national,dovato,phone_call,120.86956874632415
2025-05-04,national,dovato,webinar,245.75936010618352
2025-05-11,national,dovato,clm_call,3548.3942327355526
2025-05-11,national,dovato,email_1to1,23.93752528175537
2025-05-11,national,dovato,mass_email,263.25021817583183
2025-05-11,national,dovato,non_clm_call,2841.395833520237
2025-05-11,national,dovato,phone_call,120.92545504404552
2025-05-11,national,dovato,webinar,248.6612248913225
2025-05-18,national,dovato,clm_call,3548.2127897958453
2025-05-18,national,dovato,email_1to1,23.93182460754906
2025-05-18,national,dovato,mass_email,263.247866155325
2025-05-18,national,dovato,non_clm_call,2840.77670667008
2025-05-18,national,dovato,phone_call,120.87991754800532
2025-05-18,national,dovato,webinar,247.77516061181814
2025-05-25,national,dovato,clm_call,3547.44179422691
2025-05-25,national,dovato,email_1to1,23.912850382759643
2025-05-25,national,dovato,mass_email,263.23954657184186
2025-05-25,national,dovato,non_clm_call,2839.194418487141
2025-05-25,national,dovato,phone_call,120.75782773510036
2025-05-25,national,dovato,webinar,244.7222852205432
2025-06-01,national,dovato,clm_call,3547.1873545613744
2025-06-01,national,dovato,email_1to1,23.904699828006414
2025-06-01,national,dovato,mass_email,263.2349572793828
2025-06-01,national,dovato,non_clm_call,2840.6578997054294
2025-06-01,national,dovato,phone_call,120.79155909570545
2025-06-01,national,dovato,webinar,243.66801411216147
2025-06-08,national,dovato,clm_call,3547.7167494287423
2025-06-08,national,dovato,email_1to1,23.916476827016595
2025-06-08,national,dovato,mass_email,263.239795338297
2025-06-08,national,dovato,non_clm_call,2841.9638212679674
2025-06-08,national,dovato,phone_call,120.88713937150169
2025-06-08,national,dovato,webinar,245.63882199966974
2025-06-15,national,dovato,clm_call,3547.318709538127
2025-06-15,national,dovato,email_1to1,23.90653292774732
2025-06-15,national,dovato,mass_email,263.2350867657369
2025-06-15,national,dovato,non_clm_call,2841.6027363248813
2025-06-15,national,dovato,phone_call,120.84756503312747
2025-06-15,national,dovato,webinar,244.1190332547303
2025-06-22,national,dovato,clm_call,3546.2439576503275
2025-06-22,national,dovato,email_1to1,23.88008947504204
2025-06-22,national,dovato,mass_email,263.2228574618257
2025-06-22,national,dovato,non_clm_call,2840.3356907472826
2025-06-22,national,dovato,phone_call,120.72226811324254
2025-06-22,national,dovato,webinar,240.08956097293776
2025-07-06,national,dovato,clm_call,3547.7202993217925
2025-07-06,national,dovato,email_1to1,23.93177339459362
2025-07-06,national,dovato,mass_email,263.2341171111657
2025-07-06,national,dovato,non_clm_call,2839.8805690189765
2025-07-06,national,dovato,phone_call,120.91618663939153
2025-07-06,national,dovato,webinar,247.69283551259286
2025-07-13,national,dovato,clm_call,3548.628283533297
2025-07-13,national,dovato,email_1to1,23.95363395577806
2025-07-13,national,dovato,mass_email,263.2445682079124
2025-07-13,national,dovato,non_clm_call,2840.722859167843
2025-07-13,national,dovato,phone_call,121.0282784930132
2025-07-13,national,dovato,webinar,251.2761277924983
2025-07-20,national,dovato,clm_call,3548.4522278126897
2025-07-20,national,dovato,email_1to1,23.951182861193956
2025-07-20,national,dovato,mass_email,263.2420574875614
2025-07-20,national,dovato,non_clm_call,2840.0629526214416
2025-07-20,national,dovato,phone_call,121.01092940324088
2025-07-20,national,dovato,webinar,250.83859008265063
2025-07-27,national,dovato,clm_call,3547.7352842383316
2025-07-27,national,dovato,email_1to1,23.937858002413122
2025-07-27,national,dovato,mass_email,263.2324573937076
2025-07-27,national,dovato,non_clm_call,2838.3062022975973
2025-07-27,national,dovato,phone_call,120.93059344200083
2025-07-27,national,dovato,webinar,248.57379260154994
2025-08-03,national,dovato,clm_call,3547.834136605721
2025-08-03,national,dovato,email_1to1,23.944890834103717
2025-08-03,national,dovato,mass_email,263.23530964380916
2025-08-03,national,dovato,non_clm_call,2841.785325670975
2025-08-03,national,dovato,phone_call,120.90909087524415
2025-08-03,national,dovato,webinar,248.22640450579638
2025-08-10,national,dovato,clm_call,3548.407448601829
2025-08-10,national,dovato,email_1to1,23.95682896069775
2025-08-10,national,dovato,mass_email,263.2432817334302
2025-08-10,national,dovato,non_clm_call,2843.147986384989
2025-08-10,national,dovato,phone_call,120.9657767569297
2025-08-10,national,dovato,webinar,249.9139292663458
2025-08-17,national,dovato,clm_call,3548.1240766878873
2025-08-17,national,dovato,email_1to1,23.952664559295954
2025-08-17,national,dovato,mass_email,263.239991515311
2025-08-17,national,dovato,non_clm_call,2842.9548581867566
2025-08-17,national,dovato,phone_call,120.92630982599803
2025-08-17,national,dovato,webinar,248.8607526004671
2025-08-24,national,dovato,clm_call,3547.28165343808
2025-08-24,national,dovato,email_1to1,23.93877589738986
2025-08-24,national,dovato,mass_email,263.2295539233419
2025-08-24,national,dovato,non_clm_call,2842.0658515494124
2025-08-24,national,dovato,phone_call,120.81696678906519
2025-08-24,national,dovato,webinar,245.91625080221638
2025-09-07,national,dovato,clm_call,3546.8852509926182
2025-09-07,national,dovato,email_1to1,23.94129210162282
2025-09-07,national,dovato,mass_email,263.23287358929883
2025-09-07,national,dovato,non_clm_call,2842.0016358211396
2025-09-07,national,dovato,phone_call,120.93161479589253
2025-09-07,national,dovato,webinar,242.46726296119232
2025-09-14,national,dovato,clm_call,3547.3938298636276
2025-09-14,national,dovato,email_1to1,23.952298032781982
2025-09-14,national,dovato,mass_email,263.24136597224424
2025-09-14,national,dovato,non_clm_call,2842.68032358474
2025-09-14,national,dovato,phone_call,121.02715421402536
2025-09-14,national,dovato,webinar,243.14117325584812
2025-09-21,national,dovato,clm_call,3546.940706671081
2025-09-21,national,dovato,email_1to1,23.947266925395525
2025-09-21,national,dovato,mass_email,263.2379478398616
2025-09-21,national,dovato,non_clm_call,2842.2732338157257
2025-09-21,national,dovato,phone_call,121.00617336093637
2025-09-21,national,dovato,webinar,240.85202645224854
2025-09-28,national,dovato,clm_call,3545.75602399333
2025-09-28,national,dovato,email_1to1,23.93180794169166
2025-09-28,national,dovato,mass_email,263.2270225124048
2025-09-28,national,dovato,non_clm_call,2841.1271259513505
2025-09-28,national,dovato,phone_call,120.92302426790047
2025-09-28,national,dovato,webinar,235.84971722908085
